model,classifier,fs_config,accuracy,sensitivity,specificity,f1,auc,TP,TN,FP,FN,accuracy_ci_low,accuracy_ci_high,sensitivity_ci_low,sensitivity_ci_high,specificity_ci_low,specificity_ci_high,f1_ci_low,f1_ci_high,auc_ci_low,auc_ci_high
DenseNet121,LDA,ANOVA10,0.8125,0.6207,0.9216,0.7059,0.8032,18,47,4,11,0.7349,0.8901,0.4052,0.8215,0.8673,0.9763,0.5185,0.8657,0.6936,0.9228
DenseNet121,SVM_linear_C0.1,ANOVA200_PCA5,0.8000,0.4828,0.9804,0.6364,0.7444,14,50,1,15,0.6725,0.9275,0.1443,0.8024,0.9313,1.0000,0.2859,0.9120,0.6245,0.9064
DenseNet121,SVM_linear_C0.1,ANOVA100_PCA5,0.8000,0.4828,0.9804,0.6364,0.7424,14,50,1,15,0.6725,0.9275,0.1443,0.8024,0.9313,1.0000,0.2859,0.9120,0.6190,0.8986
DenseNet121,LogReg_C10,ANOVA10,0.7875,0.6897,0.8431,0.7018,0.7836,20,43,8,9,0.7181,0.8569,0.4598,0.9002,0.7791,0.9082,0.5168,0.8582,0.6679,0.9145
ResNet50,LogReg_C0.1,ANOVA200_PCA10,0.7875,0.6897,0.8431,0.7018,0.7410,20,43,8,9,0.6990,0.8760,0.5293,0.8573,0.7037,0.9836,0.5902,0.8146,0.6268,0.8629
DenseNet121,LogReg_C1,ANOVA10,0.7750,0.6207,0.8627,0.6667,0.7620,18,44,7,11,0.6573,0.8927,0.4052,0.8215,0.7560,0.9713,0.4528,0.8632,0.6355,0.9003
ResNet50,LogReg_C1,ANOVA100_PCA10,0.7625,0.6897,0.8039,0.6780,0.7437,20,41,10,9,0.6474,0.8776,0.5293,0.8573,0.6512,0.9560,0.5423,0.8210,0.6438,0.8659
ResNet50,LogReg_C0.1,ANOVA100_PCA10,0.7625,0.6552,0.8235,0.6667,0.7417,19,42,9,10,0.6350,0.8900,0.4628,0.8572,0.6883,0.9590,0.4990,0.8378,0.6043,0.8988
ResNet50,LogReg_C0.1,PCA5,0.7625,0.6207,0.8431,0.6545,0.7701,18,43,8,11,0.6350,0.8900,0.3941,0.8459,0.7138,0.9771,0.4368,0.8599,0.6711,0.8786
ResNet50,SVM_C0.1,PCA10,0.7625,0.6207,0.8431,0.6545,0.7606,18,43,8,11,0.6613,0.8637,0.4479,0.7921,0.6370,1.0000,0.5374,0.7741,0.6790,0.8997
ResNet50,LDA,ANOVA100_PCA10,0.7625,0.6207,0.8431,0.6545,0.7397,18,43,8,11,0.6132,0.9118,0.4479,0.7921,0.7037,0.9836,0.4516,0.8612,0.6193,0.8455
ResNet50,SVM_C0.1,ANOVA100_PCA10,0.7625,0.5862,0.8627,0.6415,0.7485,17,44,7,12,0.6976,0.8274,0.4072,0.7661,0.6993,1.0000,0.5566,0.7207,0.6473,0.9375
DenseNet121,SVM_linear_C1,ANOVA20,0.7625,0.4483,0.9412,0.5778,0.7877,13,48,3,16,0.7278,0.7972,0.2720,0.6213,0.8757,1.0000,0.4409,0.6900,0.6802,0.9010
ResNet50,LogReg_C1,PCA5,0.7500,0.6897,0.7843,0.6667,0.7701,20,40,11,9,0.5948,0.9052,0.4112,0.9621,0.5759,0.9987,0.4206,0.8952,0.6527,0.9158
ResNet50,LogReg_C10,ANOVA100_PCA10,0.7500,0.6897,0.7843,0.6667,0.7458,20,40,11,9,0.6550,0.8450,0.5293,0.8573,0.6162,0.9584,0.5484,0.7883,0.6467,0.8563
ResNet50,LogReg_C0.1,ANOVA100_PCA5,0.7500,0.6552,0.8039,0.6552,0.7492,19,41,10,10,0.6403,0.8597,0.4628,0.8572,0.7153,0.8920,0.5024,0.8053,0.6068,0.9059
ResNet50,LDA,ANOVA200_PCA10,0.7500,0.6207,0.8235,0.6429,0.7120,18,42,9,11,0.6048,0.8952,0.4479,0.7921,0.6883,0.9590,0.4448,0.8437,0.5853,0.8522
DenseNet121,LogReg_C1,ANOVA20,0.7500,0.5862,0.8431,0.6296,0.7681,17,43,8,12,0.6273,0.8727,0.3222,0.8378,0.7791,0.9082,0.3835,0.8452,0.6339,0.9151
ResNet50,SVM_linear_C0.1,PCA5,0.7500,0.3793,0.9608,0.5238,0.7417,11,49,2,18,0.6951,0.8049,0.1575,0.5892,0.8968,1.0000,0.3087,0.6965,0.6037,0.8860
ResNet50,LogReg_C1,ANOVA200_PCA5,0.7375,0.6552,0.7843,0.6441,0.7546,19,40,11,10,0.6525,0.8225,0.4144,0.9056,0.6779,0.8893,0.4778,0.7909,0.5727,0.9104
ResNet50,LogReg_C0.1,ANOVA200_PCA5,0.7375,0.6552,0.7843,0.6441,0.7505,19,40,11,10,0.6224,0.8526,0.4144,0.9056,0.6888,0.8821,0.4431,0.8297,0.6051,0.9191
ResNet50,LogReg_C1,ANOVA200_PCA10,0.7375,0.6552,0.7843,0.6441,0.7262,19,40,11,10,0.6100,0.8650,0.5278,0.7922,0.5984,0.9688,0.5177,0.7861,0.5901,0.8523
ResNet50,LogReg_C0.1,PCA10,0.7375,0.5862,0.8235,0.6182,0.7235,17,42,9,12,0.6224,0.8526,0.3697,0.8170,0.6271,1.0000,0.4602,0.7727,0.6606,0.8152
ResNet50,LogReg_C0.1,ANOVA10,0.7375,0.5862,0.8235,0.6182,0.6951,17,42,9,12,0.5693,0.9057,0.2434,0.9300,0.7151,0.9285,0.2940,0.9026,0.4772,0.9355
DenseNet121,LogReg_C0.1,ANOVA200_PCA5,0.7375,0.5517,0.8431,0.6038,0.7539,16,43,8,13,0.6100,0.8650,0.2200,0.8733,0.7791,0.9082,0.3230,0.8336,0.6411,0.8747
DenseNet121,LogReg_C0.1,PCA5,0.7375,0.5517,0.8431,0.6038,0.7404,16,43,8,13,0.5882,0.8868,0.1887,0.9046,0.7791,0.9082,0.2656,0.8821,0.6192,0.8626
ResNet50,LDA,ANOVA100_PCA5,0.7375,0.5517,0.8431,0.6038,0.7302,16,43,8,13,0.5882,0.8868,0.3406,0.7528,0.7037,0.9836,0.3736,0.8260,0.5747,0.8969
ResNet50,SVM_C0.1,ANOVA10,0.7375,0.5517,0.8431,0.6038,0.7295,16,43,8,13,0.6224,0.8526,0.2455,0.8611,0.7037,0.9836,0.3249,0.8294,0.6496,0.8510
ResNet50,LDA,PCA5,0.7375,0.5172,0.8627,0.5882,0.7478,15,44,7,14,0.6224,0.8526,0.3246,0.7021,0.6857,1.0000,0.3981,0.7681,0.6290,0.8801
DenseNet121,LDA,ANOVA100_PCA5,0.7375,0.4828,0.8824,0.5714,0.7417,14,45,6,15,0.6726,0.8024,0.1481,0.8119,0.7514,1.0000,0.2978,0.7686,0.6317,0.8846
ResNet50,LDA,ANOVA200_PCA5,0.7375,0.4828,0.8824,0.5714,0.7343,14,45,6,15,0.5882,0.8868,0.1821,0.7779,0.7249,1.0000,0.2600,0.8357,0.5809,0.8900
ResNet50,RF_100,ANOVA10,0.7375,0.4828,0.8824,0.5714,0.7042,14,45,6,15,0.5882,0.8868,0.2066,0.7668,0.7194,1.0000,0.2830,0.8300,0.5183,0.9381
ResNet50,RF_100,PCA5,0.7375,0.4483,0.9020,0.5532,0.6805,13,46,5,16,0.6363,0.8387,0.2720,0.6213,0.7671,1.0000,0.3708,0.7245,0.5410,0.8027
DenseNet121,SVM_linear_C0.1,PCA5,0.7375,0.3793,0.9412,0.5116,0.7194,11,48,3,18,0.6363,0.8387,0.0597,0.6736,0.8757,1.0000,0.1125,0.8229,0.6050,0.8786
DenseNet121,SVM_linear_C1,ANOVA100_PCA5,0.7375,0.3103,0.9804,0.4615,0.6991,9,50,1,20,0.6224,0.8526,0.0048,0.6085,0.9313,1.0000,0.0490,0.7853,0.5377,0.8502
ResNet50,LogReg_C10,ANOVA200_PCA10,0.7250,0.6897,0.7451,0.6452,0.6856,20,38,13,9,0.6209,0.8291,0.5293,0.8573,0.5481,0.9464,0.5534,0.7418,0.5892,0.7532
ResNet50,LogReg_C1,ANOVA100_PCA5,0.7250,0.6552,0.7647,0.6333,0.7397,19,39,12,10,0.6073,0.8427,0.4628,0.8572,0.6909,0.8364,0.4756,0.7896,0.5699,0.9216
ResNet50,LogReg_C1,PCA10,0.7250,0.6552,0.7647,0.6333,0.7011,19,39,12,10,0.6209,0.8291,0.5278,0.7922,0.6134,0.9211,0.5193,0.7549,0.6173,0.7973
ResNet50,LogReg_C10,PCA5,0.7250,0.6207,0.7843,0.6207,0.7573,18,40,11,11,0.5641,0.8859,0.3941,0.8459,0.5124,1.0000,0.4333,0.8078,0.6470,0.8742
ResNet50,SVM_C0.1,ANOVA200_PCA5,0.7250,0.5862,0.8039,0.6071,0.7539,17,41,10,12,0.5840,0.8660,0.3677,0.7923,0.5772,1.0000,0.4117,0.8017,0.6958,0.9024
ResNet50,SVM_C0.1,ANOVA200_PCA10,0.7250,0.5862,0.8039,0.6071,0.7471,17,41,10,12,0.5951,0.8549,0.4072,0.7661,0.4993,1.0000,0.5480,0.6788,0.6730,0.9173
ResNet50,LDA,PCA10,0.7250,0.5862,0.8039,0.6071,0.7153,17,41,10,12,0.6365,0.8135,0.4828,0.6906,0.6597,0.9512,0.5092,0.7090,0.6312,0.8239
DenseNet121,LogReg_C0.1,ANOVA100_PCA5,0.7250,0.5517,0.8235,0.5926,0.7465,16,42,9,13,0.6209,0.8291,0.2200,0.8733,0.7697,0.8775,0.3334,0.7975,0.6059,0.8759
ResNet50,SVM_C1,ANOVA100_PCA10,0.7250,0.5517,0.8235,0.5926,0.7343,16,42,9,13,0.6556,0.7944,0.3255,0.7812,0.6086,1.0000,0.4893,0.6804,0.6485,0.9424
DenseNet121,LogReg_C0.1,ANOVA10,0.7250,0.5517,0.8235,0.5926,0.7268,16,42,9,13,0.5641,0.8859,0.2200,0.8733,0.7151,0.9285,0.3059,0.8405,0.5504,0.8781
ResNet50,SVM_C0.1,PCA5,0.7250,0.5172,0.8431,0.5769,0.7444,15,43,8,14,0.6209,0.8291,0.1923,0.8211,0.6566,1.0000,0.3028,0.7992,0.7103,0.9079
ResNet50,AdaBoost_100,ANOVA20,0.7250,0.5172,0.8431,0.5769,0.6849,15,43,8,14,0.5840,0.8660,0.2332,0.7934,0.5835,1.0000,0.3179,0.7964,0.5215,0.9009
DenseNet121,SVM_linear_C0.1,ANOVA10,0.7250,0.4828,0.8627,0.5600,0.7539,14,44,7,15,0.6556,0.7944,0.2657,0.6943,0.8013,0.9260,0.3717,0.7192,0.6326,0.8437
ResNet50,SVM_C1,PCA10,0.7250,0.4828,0.8627,0.5600,0.7410,14,44,7,15,0.6825,0.7675,0.2205,0.7395,0.6993,1.0000,0.4125,0.6692,0.6415,0.9428
ResNet50,RF_100,ANOVA20,0.7250,0.4483,0.8824,0.5417,0.6812,13,45,6,16,0.6073,0.8427,0.1367,0.7433,0.7194,1.0000,0.2236,0.7917,0.5122,0.9178
ResNet50,SVM_linear_C0.1,ANOVA100_PCA10,0.7250,0.4138,0.9020,0.5217,0.7079,12,46,5,17,0.6365,0.8135,0.1622,0.6778,0.7848,1.0000,0.2898,0.7154,0.5703,0.8667
DenseNet121,SVM_linear_C1,ANOVA10,0.7250,0.3793,0.9216,0.5000,0.7776,11,47,4,18,0.6365,0.8135,0.1108,0.6492,0.8673,0.9763,0.2194,0.7258,0.6637,0.8975
DenseNet121,SVM_linear_C0.1,PCA10,0.7250,0.3448,0.9412,0.4762,0.7167,10,48,3,19,0.6365,0.8135,0.1428,0.5372,0.8757,1.0000,0.2295,0.6914,0.5778,0.8501
DenseNet121,SVM_linear_C0.1,ANOVA100_PCA10,0.7250,0.3448,0.9412,0.4762,0.7113,10,48,3,19,0.6365,0.8135,0.1428,0.5372,0.8413,1.0000,0.2295,0.6914,0.5382,0.9199
DenseNet121,SVM_linear_C0.1,ANOVA200_PCA10,0.7250,0.3103,0.9608,0.4500,0.6937,9,49,2,20,0.6556,0.7944,0.2326,0.3807,0.8627,1.0000,0.3112,0.5888,0.5444,0.8731
DenseNet121,SVM_linear_C1,PCA5,0.7250,0.3103,0.9608,0.4500,0.6829,9,49,2,20,0.6365,0.8135,0.0000,0.6069,0.8968,1.0000,0.0625,0.7427,0.6216,0.7729
DenseNet121,SVM_linear_C1,ANOVA200_PCA5,0.7250,0.2759,0.9804,0.4211,0.7025,8,50,1,21,0.5951,0.8549,0.0000,0.6130,0.9313,1.0000,0.0000,0.7955,0.4867,0.8739
ResNet50,LogReg_C10,ANOVA200_PCA5,0.7125,0.6897,0.7255,0.6349,0.7329,20,37,14,9,0.5612,0.8638,0.5293,0.8573,0.5642,0.8868,0.4695,0.8103,0.5896,0.8662
ResNet50,LogReg_C10,ANOVA100_PCA5,0.7125,0.6552,0.7451,0.6230,0.7343,19,38,13,10,0.5516,0.8734,0.4628,0.8572,0.5685,0.9260,0.4201,0.8358,0.5930,0.8718
DenseNet121,LogReg_C1,ANOVA200_PCA5,0.7125,0.5862,0.7843,0.5965,0.7437,17,40,11,12,0.6084,0.8166,0.2836,0.8764,0.6888,0.8821,0.3626,0.7909,0.6472,0.8679
DenseNet121,LogReg_C1,ANOVA100_PCA5,0.7125,0.5862,0.7843,0.5965,0.7255,17,40,11,12,0.6084,0.8166,0.2836,0.8764,0.6888,0.8821,0.3626,0.7909,0.5924,0.8628
DenseNet121,LogReg_C10,ANOVA20,0.7125,0.5517,0.8039,0.5818,0.7539,16,41,10,13,0.6084,0.8166,0.2826,0.8241,0.7153,0.8920,0.3679,0.7688,0.6508,0.9123
DenseNet121,GBM_200,ANOVA10,0.7125,0.5517,0.8039,0.5818,0.7120,16,41,10,13,0.5715,0.8535,0.2939,0.7994,0.6071,1.0000,0.3587,0.7912,0.4923,0.8835
DenseNet121,GBM_100,ANOVA20,0.7125,0.5172,0.8235,0.5660,0.7208,15,42,9,14,0.6700,0.7550,0.1973,0.8294,0.6400,1.0000,0.3275,0.7379,0.5933,0.8710
DenseNet121,SVM_C0.1,ANOVA100_PCA5,0.7125,0.5172,0.8235,0.5660,0.7059,15,42,9,14,0.5826,0.8424,0.1923,0.8211,0.6400,1.0000,0.2721,0.8146,0.6268,0.8829
DenseNet121,SVM_C0.1,ANOVA200_PCA5,0.7125,0.5172,0.8235,0.5660,0.7011,15,42,9,14,0.5826,0.8424,0.1923,0.8211,0.6400,1.0000,0.2721,0.8146,0.6169,0.8855
DenseNet121,AdaBoost_100,ANOVA20,0.7125,0.5172,0.8235,0.5660,0.6924,15,42,9,14,0.6700,0.7550,0.3246,0.7021,0.7206,0.9267,0.4261,0.6823,0.5932,0.8087
DenseNet121,SVM_C0.1,ANOVA20,0.7125,0.4828,0.8431,0.5490,0.7512,14,43,8,15,0.6700,0.7550,0.3235,0.6365,0.7347,0.9526,0.4313,0.6504,0.7180,0.8541
DenseNet121,LDA,ANOVA200_PCA5,0.7125,0.4828,0.8431,0.5490,0.7505,14,43,8,15,0.6240,0.8010,0.2205,0.7395,0.7347,0.9526,0.3534,0.7102,0.6246,0.8785
DenseNet121,LogReg_C0.1,ANOVA20,0.7125,0.4828,0.8431,0.5490,0.7336,14,43,8,15,0.6240,0.8010,0.2657,0.6943,0.7791,0.9082,0.3514,0.7217,0.5536,0.9016
ResNet50,GBM_100,PCA10,0.7125,0.4828,0.8431,0.5490,0.7262,14,43,8,15,0.5948,0.8302,0.2478,0.7255,0.7791,0.9082,0.3040,0.7740,0.5981,0.8316
DenseNet121,SVM_C0.1,PCA5,0.7125,0.4828,0.8431,0.5490,0.7214,14,43,8,15,0.5826,0.8424,0.1443,0.8024,0.6370,1.0000,0.2545,0.7922,0.6347,0.9011
DenseNet121,LogReg_C0.1,ANOVA200_PCA10,0.7125,0.4828,0.8431,0.5490,0.6971,14,43,8,15,0.5516,0.8734,0.1481,0.8119,0.7347,0.9526,0.2170,0.8305,0.5439,0.8524
DenseNet121,LDA,PCA10,0.7125,0.4483,0.8627,0.5306,0.7147,13,44,7,16,0.5948,0.8302,0.1032,0.7768,0.7560,0.9713,0.2003,0.7922,0.5142,0.8700
DenseNet121,SVM_C0.1,ANOVA200_PCA10,0.7125,0.4483,0.8627,0.5306,0.6836,13,44,7,16,0.6240,0.8010,0.1367,0.7433,0.6577,1.0000,0.2896,0.7215,0.6200,0.8775
DenseNet121,LDA,ANOVA200_PCA10,0.7125,0.4138,0.8824,0.5106,0.6944,12,45,6,17,0.6700,0.7550,0.1818,0.6449,0.7514,1.0000,0.3149,0.6620,0.5509,0.8000
ResNet50,SVM_linear_C0.1,ANOVA10,0.7125,0.4138,0.8824,0.5106,0.6809,12,45,6,17,0.5715,0.8535,0.0686,0.7447,0.7452,1.0000,0.1772,0.7702,0.5194,0.8933
ResNet50,SVM_linear_C0.1,PCA10,0.7125,0.3793,0.9020,0.4889,0.7228,11,46,5,18,0.6240,0.8010,0.0931,0.6802,0.7848,1.0000,0.2150,0.7045,0.6230,0.8327
DenseNet121,LDA,ANOVA100_PCA10,0.7125,0.3793,0.9020,0.4889,0.7011,11,46,5,18,0.6431,0.7819,0.1108,0.6492,0.7848,1.0000,0.2257,0.6898,0.4713,0.8662
DenseNet121,SVM_linear_C1,ANOVA200_PCA10,0.7125,0.2414,0.9804,0.3784,0.6613,7,50,1,22,0.6431,0.7819,0.0482,0.4184,0.9313,1.0000,0.0838,0.6305,0.5049,0.8448
DenseNet121,GBM_100,ANOVA10,0.7000,0.5517,0.7843,0.5714,0.7055,16,40,11,13,0.5725,0.8275,0.2939,0.7994,0.5850,0.9859,0.3549,0.7695,0.5283,0.8465
ResNet50,SVM_C1,ANOVA200_PCA10,0.7000,0.5172,0.8039,0.5556,0.7336,15,41,10,14,0.6351,0.7649,0.2605,0.7795,0.5456,1.0000,0.4798,0.6066,0.6404,0.9348
ResNet50,SVM_C1,ANOVA200_PCA5,0.7000,0.4828,0.8235,0.5385,0.7390,14,42,9,15,0.6351,0.7649,0.2066,0.7668,0.6086,1.0000,0.4025,0.6424,0.6520,0.9517
DenseNet121,LogReg_C0.1,PCA10,0.7000,0.4828,0.8235,0.5385,0.7187,14,42,9,15,0.5318,0.8682,0.1132,0.8334,0.6981,0.9528,0.1653,0.8479,0.5365,0.8841
DenseNet121,GBM_200,ANOVA20,0.7000,0.4828,0.8235,0.5385,0.7045,14,42,9,15,0.6150,0.7850,0.0889,0.8711,0.6708,0.9801,0.1137,0.8387,0.5790,0.8355
ResNet50,AdaBoost_100,ANOVA10,0.7000,0.4828,0.8235,0.5385,0.6673,14,42,9,15,0.5318,0.8682,0.2657,0.6943,0.6581,0.9855,0.3103,0.7649,0.5594,0.8024
ResNet50,RF_100,ANOVA100_PCA5,0.7000,0.4828,0.8235,0.5385,0.6552,14,42,9,15,0.5849,0.8151,0.2151,0.7716,0.6981,0.9528,0.3033,0.7553,0.5425,0.7754
ResNet50,SVM_linear_C0.1,ANOVA20,0.7000,0.4483,0.8431,0.5200,0.6653,13,43,8,16,0.5507,0.8493,0.1389,0.7545,0.6739,1.0000,0.2364,0.7567,0.4757,0.8770
DenseNet121,RF_100,ANOVA10,0.7000,0.4138,0.8627,0.5000,0.7326,12,44,7,17,0.6150,0.7850,0.1818,0.6449,0.7247,1.0000,0.2797,0.6887,0.5723,0.9456
DenseNet121,SVM_C0.1,ANOVA100_PCA10,0.7000,0.4138,0.8627,0.5000,0.6748,12,44,7,17,0.6351,0.7649,0.1020,0.7114,0.6577,1.0000,0.2865,0.6580,0.6033,0.8676
DenseNet121,SVM_linear_C0.1,ANOVA20,0.7000,0.3793,0.8824,0.4783,0.7539,11,45,6,18,0.5988,0.8012,0.0736,0.6864,0.8248,0.9388,0.1171,0.7673,0.6561,0.8536
ResNet50,SVM_linear_C0.1,ANOVA100_PCA5,0.7000,0.3793,0.8824,0.4783,0.7390,11,45,6,18,0.5725,0.8275,0.2146,0.5320,0.7249,1.0000,0.2646,0.6875,0.5949,0.8979
DenseNet121,RF_100,ANOVA20,0.7000,0.3793,0.8824,0.4783,0.7001,11,45,6,18,0.5988,0.8012,0.0736,0.6864,0.8248,0.9388,0.1171,0.7673,0.5444,0.8126
DenseNet121,SVM_C0.1,PCA10,0.7000,0.3793,0.8824,0.4783,0.6924,11,45,6,18,0.6351,0.7649,0.1575,0.5892,0.7249,1.0000,0.2958,0.6282,0.6196,0.8907
ResNet50,SVM_linear_C0.1,ANOVA200_PCA10,0.7000,0.3793,0.8824,0.4783,0.6836,11,45,6,18,0.5849,0.8151,0.0931,0.6802,0.7249,1.0000,0.2035,0.7014,0.5647,0.8511
ResNet50,SVM_linear_C1,ANOVA100_PCA5,0.7000,0.2759,0.9412,0.4000,0.7295,8,48,3,21,0.5988,0.8012,0.0944,0.4523,0.8413,1.0000,0.1592,0.6217,0.5778,0.9004
ResNet50,SVM_C0.1,ANOVA100_PCA5,0.6875,0.5517,0.7647,0.5614,0.7485,16,39,12,13,0.5423,0.8327,0.3406,0.7528,0.4814,1.0000,0.4091,0.7188,0.6722,0.9538
DenseNet121,LogReg_C10,ANOVA200_PCA5,0.6875,0.5517,0.7647,0.5614,0.6991,16,39,12,13,0.6099,0.7651,0.2939,0.7994,0.6020,0.9289,0.3955,0.6963,0.5495,0.8657
DenseNet121,LogReg_C10,ANOVA100_PCA5,0.6875,0.5517,0.7647,0.5614,0.6978,16,39,12,13,0.6099,0.7651,0.2939,0.7994,0.6020,0.9289,0.3955,0.6963,0.5391,0.8488
ResNet50,SVM_C1,ANOVA20,0.6875,0.5517,0.7647,0.5614,0.6849,16,39,12,13,0.5925,0.7825,0.2455,0.8611,0.5177,1.0000,0.3470,0.7301,0.6023,0.8117
ResNet50,GBM_200,ANOVA10,0.6875,0.5172,0.7843,0.5455,0.6214,15,40,11,14,0.5229,0.8521,0.2605,0.7795,0.5578,1.0000,0.2945,0.7806,0.4307,0.8535
DenseNet121,LogReg_C0.1,ANOVA100_PCA10,0.6875,0.4828,0.8039,0.5283,0.7356,14,41,10,15,0.5055,0.8695,0.1481,0.8119,0.6353,0.9756,0.1841,0.8311,0.5513,0.8984
ResNet50,SVM_C1,ANOVA100_PCA5,0.6875,0.4828,0.8039,0.5283,0.7248,14,41,10,15,0.5778,0.7972,0.1706,0.8027,0.5772,1.0000,0.2888,0.7225,0.6218,0.9345
ResNet50,SVM_C1,ANOVA10,0.6875,0.4828,0.8039,0.5283,0.7201,14,41,10,15,0.5925,0.7825,0.1706,0.8027,0.6512,0.9560,0.2845,0.7191,0.6333,0.8188
ResNet50,GBM_100,ANOVA10,0.6875,0.4828,0.8039,0.5283,0.6247,14,41,10,15,0.4896,0.8854,0.2205,0.7395,0.5229,1.0000,0.2622,0.7796,0.4371,0.8465
ResNet50,GBM_200,PCA10,0.6875,0.4483,0.8235,0.5098,0.7126,13,42,9,16,0.5778,0.7972,0.2006,0.7061,0.7333,0.9176,0.2680,0.7259,0.5856,0.8301
DenseNet121,SVM_C1,ANOVA20,0.6875,0.4138,0.8431,0.4898,0.7498,12,43,8,17,0.6099,0.7651,0.0686,0.7447,0.7347,0.9526,0.1940,0.7095,0.7311,0.8071
ResNet50,SVM_C1,PCA5,0.6875,0.4138,0.8431,0.4898,0.7201,12,43,8,17,0.6326,0.7424,0.1020,0.7114,0.6566,1.0000,0.2760,0.6462,0.6633,0.8652
DenseNet121,LDA,PCA5,0.6875,0.4138,0.8431,0.4898,0.7153,12,43,8,17,0.5925,0.7825,0.1818,0.6449,0.7347,0.9526,0.2725,0.6790,0.6179,0.8396
ResNet50,RF_100,PCA10,0.6875,0.3793,0.8627,0.4681,0.7556,11,44,7,18,0.5648,0.8102,0.0630,0.7237,0.7560,0.9713,0.1853,0.7127,0.6802,0.8228
DenseNet121,SVM_C1,ANOVA100_PCA5,0.6875,0.3448,0.8824,0.4444,0.6761,10,45,6,19,0.5925,0.7825,0.0000,0.7205,0.7249,1.0000,0.0585,0.7193,0.5939,0.8479
ResNet50,RF_100,ANOVA100_PCA10,0.6875,0.3448,0.8824,0.4444,0.6582,10,45,6,19,0.5648,0.8102,0.1109,0.5957,0.7771,0.9865,0.1968,0.6770,0.5186,0.8290
ResNet50,SVM_linear_C0.1,ANOVA200_PCA5,0.6875,0.3103,0.9020,0.4186,0.7370,9,46,5,20,0.6099,0.7651,0.1427,0.4707,0.7848,1.0000,0.2258,0.5885,0.6261,0.8848
ResNet50,SVM_linear_C1,ANOVA200_PCA5,0.6875,0.2759,0.9216,0.3902,0.7350,8,47,4,21,0.5648,0.8102,0.0307,0.5026,0.7936,1.0000,0.0602,0.6808,0.5438,0.9186
ResNet50,SVM_linear_C1,ANOVA10,0.6875,0.2414,0.9412,0.3590,0.6741,7,48,3,22,0.6326,0.7424,0.0070,0.4730,0.8757,1.0000,0.0465,0.5998,0.4894,0.8536
DenseNet121,SVM_linear_C1,PCA10,0.6875,0.2069,0.9608,0.3243,0.6511,6,49,2,23,0.6326,0.7424,0.1169,0.2964,0.8627,1.0000,0.1960,0.4469,0.4794,0.7915
DenseNet121,SVM_linear_C1,ANOVA100_PCA10,0.6875,0.1724,0.9804,0.2857,0.6957,5,50,1,24,0.6326,0.7424,0.0203,0.3130,0.9313,1.0000,0.0506,0.4923,0.5791,0.7773
ResNet50,SVM_linear_C1,ANOVA100_PCA10,0.6875,0.1724,0.9804,0.2857,0.6883,5,50,1,24,0.5925,0.7825,0.0000,0.4201,0.9245,1.0000,0.0000,0.5802,0.6095,0.8208
ResNet50,LogReg_C10,PCA10,0.6750,0.6207,0.7059,0.5806,0.6640,18,36,15,11,0.5900,0.7600,0.4680,0.7854,0.5633,0.8513,0.4978,0.6652,0.5286,0.7526
ResNet50,GBM_200,ANOVA20,0.6750,0.6207,0.7059,0.5806,0.6484,18,36,15,11,0.4897,0.8603,0.4680,0.7854,0.4523,0.9550,0.4395,0.7467,0.5044,0.8084
ResNet50,LDA,ANOVA10,0.6750,0.5517,0.7451,0.5517,0.7201,16,38,13,13,0.5362,0.8138,0.1887,0.9046,0.5392,0.9517,0.2462,0.7971,0.5482,0.8906
DenseNet121,GBM_100,ANOVA200_PCA5,0.6750,0.5172,0.7647,0.5357,0.6728,15,39,12,14,0.5257,0.8243,0.1973,0.8294,0.5632,0.9750,0.2525,0.7695,0.4585,0.9293
ResNet50,LogReg_C10,ANOVA10,0.6750,0.5172,0.7647,0.5357,0.6531,15,39,12,14,0.5068,0.8432,0.2605,0.7795,0.6197,0.9075,0.2706,0.7916,0.4801,0.8302
ResNet50,SVM_C0.1,ANOVA20,0.6750,0.4828,0.7843,0.5185,0.6863,14,40,11,15,0.5599,0.7901,0.2066,0.7668,0.5757,0.9880,0.2940,0.7071,0.5792,0.8360
DenseNet121,SVM_C0.1,ANOVA10,0.6750,0.4483,0.8039,0.5000,0.7552,13,41,10,16,0.6101,0.7399,0.1389,0.7545,0.6353,0.9756,0.2668,0.6777,0.6701,0.8620
DenseNet121,SVM_C1,ANOVA10,0.6750,0.4483,0.8039,0.5000,0.7546,13,41,10,16,0.5738,0.7762,0.1389,0.7545,0.6891,0.9218,0.2411,0.7112,0.6846,0.8476
DenseNet121,AdaBoost_100,ANOVA200_PCA10,0.6750,0.4138,0.8235,0.4800,0.6815,12,42,9,17,0.5738,0.7762,0.2077,0.6323,0.6185,1.0000,0.2956,0.6453,0.5229,0.8928
ResNet50,GBM_200,PCA5,0.6750,0.3793,0.8431,0.4583,0.6836,11,43,8,18,0.5599,0.7901,0.1126,0.6341,0.7474,0.9435,0.1766,0.6992,0.5182,0.8321
ResNet50,GBM_100,PCA5,0.6750,0.3793,0.8431,0.4583,0.6761,11,43,8,18,0.5900,0.7600,0.1126,0.6341,0.7138,0.9771,0.2061,0.6597,0.5502,0.8080
DenseNet121,SVM_C1,ANOVA200_PCA5,0.6750,0.3103,0.8824,0.4091,0.6700,9,45,6,20,0.5738,0.7762,0.0000,0.7241,0.7249,1.0000,0.0000,0.7280,0.5811,0.8607
DenseNet121,SVM_C1,PCA5,0.6750,0.2414,0.9216,0.3500,0.6917,7,47,4,22,0.5475,0.8025,0.0000,0.6867,0.7936,1.0000,0.0000,0.7013,0.5798,0.8687
ResNet50,SVM_linear_C1,PCA10,0.6750,0.2069,0.9412,0.3158,0.7011,6,48,3,23,0.6101,0.7399,0.0000,0.5347,0.8413,1.0000,0.0000,0.5976,0.5575,0.9182
ResNet50,SVM_linear_C1,PCA5,0.6750,0.1379,0.9804,0.2353,0.7153,4,50,1,25,0.6101,0.7399,0.0000,0.3065,0.9313,1.0000,0.0000,0.4804,0.5712,0.9215
ResNet50,GBM_100,ANOVA20,0.6625,0.6207,0.6863,0.5714,0.6586,18,35,16,11,0.4838,0.8412,0.4680,0.7854,0.4411,0.9262,0.4362,0.7294,0.5090,0.8237
DenseNet121,LogReg_C10,ANOVA100_PCA10,0.6625,0.5517,0.7255,0.5424,0.7005,16,37,14,13,0.5326,0.7924,0.2455,0.8611,0.4947,0.9598,0.3014,0.7367,0.4900,0.8330
DenseNet121,LogReg_C1,PCA10,0.6625,0.5172,0.7451,0.5263,0.6924,15,38,13,14,0.5326,0.7924,0.1303,0.8831,0.6187,0.8758,0.1858,0.7927,0.5050,0.8666
ResNet50,LogReg_C1,ANOVA10,0.6625,0.5172,0.7451,0.5263,0.6876,15,38,13,14,0.5112,0.8138,0.1973,0.8294,0.6061,0.8848,0.2255,0.7853,0.5358,0.8405
DenseNet121,LogReg_C1,ANOVA200_PCA10,0.6625,0.4828,0.7647,0.5091,0.6788,14,39,12,15,0.5584,0.7666,0.2205,0.7395,0.6409,0.8936,0.2604,0.7184,0.5847,0.8116
DenseNet121,AdaBoost_100,ANOVA10,0.6625,0.4828,0.7647,0.5091,0.6457,14,39,12,15,0.5326,0.7924,0.3235,0.6365,0.6197,0.9075,0.3467,0.6711,0.5332,0.7735
ResNet50,AdaBoost_100,PCA5,0.6625,0.4483,0.7843,0.4906,0.5801,13,40,11,16,0.5740,0.7510,0.3082,0.5985,0.5949,0.9796,0.4088,0.5714,0.4646,0.7197
ResNet50,RF_100,ANOVA200_PCA10,0.6625,0.4138,0.8039,0.4706,0.6545,12,41,10,17,0.5215,0.8035,0.1291,0.7243,0.6597,0.9512,0.2196,0.7081,0.5313,0.8162
DenseNet121,SVM_C1,ANOVA200_PCA10,0.6625,0.3793,0.8235,0.4490,0.6457,11,42,9,18,0.5931,0.7319,0.0404,0.7062,0.5852,1.0000,0.2112,0.6166,0.5613,0.8363
DenseNet121,AdaBoost_100,ANOVA100_PCA10,0.6625,0.3793,0.8235,0.4490,0.5909,11,42,9,18,0.5448,0.7802,0.2079,0.5521,0.6379,1.0000,0.2599,0.6253,0.3496,0.7983
DenseNet121,RF_100,ANOVA200_PCA10,0.6625,0.3448,0.8431,0.4255,0.6356,10,43,8,19,0.5740,0.7510,0.1957,0.4976,0.6766,1.0000,0.2737,0.5638,0.4648,0.8070
ResNet50,SVM_linear_C1,ANOVA200_PCA10,0.6625,0.1379,0.9608,0.2286,0.6876,4,49,2,25,0.5740,0.7510,0.0000,0.3065,0.8627,1.0000,0.0000,0.4804,0.5680,0.8666
ResNet50,LogReg_C1,ANOVA20,0.6500,0.6552,0.6471,0.5758,0.6444,19,33,18,10,0.4476,0.8524,0.2930,1.0000,0.4702,0.8171,0.2809,0.8472,0.4675,0.8289
DenseNet121,LogReg_C10,PCA5,0.6500,0.5517,0.7059,0.5333,0.6755,16,36,15,13,0.6075,0.6925,0.2200,0.8733,0.5526,0.8583,0.2868,0.7146,0.5599,0.8280
DenseNet121,LogReg_C10,ANOVA200_PCA10,0.6500,0.5172,0.7255,0.5172,0.6437,15,37,14,14,0.5323,0.7677,0.2605,0.7795,0.4947,0.9598,0.3108,0.6877,0.5480,0.7351
DenseNet121,AdaBoost_100,ANOVA200_PCA5,0.6500,0.4828,0.7451,0.5000,0.6667,14,38,13,15,0.5090,0.7910,0.2478,0.7255,0.4895,1.0000,0.2900,0.6866,0.5116,0.8690
ResNet50,LDA,ANOVA20,0.6500,0.4828,0.7451,0.5000,0.6153,14,38,13,15,0.5615,0.7385,0.3235,0.6365,0.5505,0.9331,0.4348,0.5562,0.4927,0.7521
ResNet50,GBM_100,ANOVA100_PCA5,0.6500,0.4828,0.7451,0.5000,0.5828,14,38,13,15,0.5201,0.7799,0.2151,0.7716,0.5047,0.9971,0.2896,0.6975,0.3776,0.8709
DenseNet121,GBM_200,ANOVA200_PCA10,0.6500,0.3793,0.8039,0.4400,0.6822,11,41,10,18,0.5806,0.7194,0.0931,0.6802,0.6353,0.9756,0.2121,0.6120,0.5652,0.8203
ResNet50,RF_100,ANOVA200_PCA5,0.6500,0.3793,0.8039,0.4400,0.6437,11,41,10,18,0.5323,0.7677,0.0972,0.6895,0.6597,0.9512,0.2252,0.6358,0.5060,0.7922
DenseNet121,SVM_C1,PCA10,0.6500,0.3103,0.8431,0.3913,0.6606,9,43,8,20,0.5806,0.7194,0.0000,0.7008,0.6566,1.0000,0.0229,0.6358,0.5824,0.7994
ResNet50,SVM_linear_C1,ANOVA20,0.6500,0.2759,0.8627,0.3636,0.6187,8,44,7,21,0.5323,0.7677,0.0000,0.6331,0.7192,1.0000,0.0000,0.6738,0.5325,0.7500
ResNet50,LogReg_C0.1,ANOVA20,0.6375,0.5862,0.6667,0.5397,0.6721,17,34,17,12,0.4882,0.7868,0.2761,0.8972,0.4325,0.8911,0.2961,0.7606,0.4681,0.8834
DenseNet121,LogReg_C1,PCA5,0.6375,0.5172,0.7059,0.5085,0.6883,15,36,15,14,0.5726,0.7024,0.1973,0.8294,0.6164,0.7945,0.2601,0.7016,0.6081,0.8270
DenseNet121,GBM_200,ANOVA100_PCA5,0.6375,0.5172,0.7059,0.5085,0.6038,15,36,15,14,0.4366,0.8384,0.1028,0.9105,0.4909,0.9272,0.1376,0.8198,0.3046,0.8905
ResNet50,AdaBoost_100,ANOVA100_PCA10,0.6375,0.4828,0.7255,0.4912,0.6031,14,37,14,15,0.4693,0.8057,0.2567,0.7300,0.4051,1.0000,0.3561,0.6408,0.4375,0.8370
DenseNet121,GBM_200,ANOVA200_PCA5,0.6375,0.4483,0.7451,0.4727,0.6680,13,38,13,16,0.4693,0.8057,0.1032,0.7768,0.5415,0.9567,0.1657,0.7290,0.4549,0.8869
DenseNet121,GBM_100,ANOVA100_PCA10,0.6375,0.4138,0.7647,0.4528,0.6376,12,39,12,17,0.5363,0.7387,0.1818,0.6449,0.5901,0.9444,0.2493,0.6226,0.3893,0.8580
DenseNet121,GBM_200,ANOVA100_PCA10,0.6375,0.4138,0.7647,0.4528,0.6200,12,39,12,17,0.5525,0.7225,0.1028,0.7239,0.5901,0.9444,0.0943,0.7179,0.3807,0.8526
ResNet50,AdaBoost_100,ANOVA100_PCA5,0.6375,0.4138,0.7647,0.4528,0.6031,12,39,12,17,0.5100,0.7650,0.2077,0.6323,0.5286,1.0000,0.2766,0.6215,0.4721,0.7606
DenseNet121,RF_100,ANOVA200_PCA5,0.6375,0.3448,0.8039,0.4082,0.6558,10,41,10,19,0.5100,0.7650,0.1428,0.5372,0.6247,0.9899,0.1879,0.6100,0.4636,0.8400
DenseNet121,SVM_C1,ANOVA100_PCA10,0.6375,0.3103,0.8235,0.3830,0.6471,9,42,9,20,0.5726,0.7024,0.0000,0.7008,0.5852,1.0000,0.0318,0.6102,0.5542,0.8167
DenseNet121,LogReg_C1,ANOVA100_PCA10,0.6250,0.5172,0.6863,0.5000,0.7113,15,35,16,14,0.5023,0.7477,0.1973,0.8294,0.5082,0.8664,0.2403,0.7084,0.5453,0.8444
ResNet50,LogReg_C10,ANOVA20,0.6250,0.5172,0.6863,0.5000,0.6166,15,35,16,14,0.5153,0.7347,0.2332,0.7934,0.5412,0.8261,0.2674,0.6960,0.4891,0.7721
ResNet50,GBM_200,ANOVA100_PCA5,0.6250,0.4828,0.7059,0.4828,0.5815,14,36,15,15,0.5023,0.7477,0.2151,0.7716,0.4550,0.9705,0.2918,0.6553,0.3919,0.8093
ResNet50,GBM_200,ANOVA200_PCA10,0.6250,0.3793,0.7647,0.4231,0.6072,11,39,12,18,0.5474,0.7026,0.1322,0.6411,0.5632,0.9750,0.2279,0.5781,0.4774,0.7566
DenseNet121,GBM_100,ANOVA200_PCA10,0.6250,0.3448,0.7843,0.4000,0.6829,10,40,11,19,0.5474,0.7026,0.1109,0.5957,0.6281,0.9428,0.2125,0.5543,0.5641,0.8335
DenseNet121,LDA,ANOVA20,0.6250,0.3448,0.7843,0.4000,0.6072,10,40,11,19,0.4698,0.7802,0.2078,0.4722,0.5412,1.0000,0.2562,0.5448,0.4678,0.7358
ResNet50,AdaBoost_100,PCA10,0.6250,0.3448,0.7843,0.4000,0.5612,10,40,11,19,0.5300,0.7200,0.0375,0.6825,0.6888,0.8821,0.1613,0.5997,0.5233,0.6228
DenseNet121,RF_100,ANOVA100_PCA5,0.6250,0.2759,0.8235,0.3478,0.6183,8,42,9,21,0.5023,0.7477,0.1703,0.3764,0.6086,1.0000,0.2155,0.4810,0.4663,0.7522
DenseNet121,LogReg_C10,PCA10,0.6125,0.5172,0.6667,0.4918,0.6680,15,34,17,14,0.4632,0.7618,0.1303,0.8831,0.4736,0.8645,0.1707,0.7473,0.4691,0.8534
ResNet50,GBM_200,ANOVA200_PCA5,0.6125,0.4828,0.6863,0.4746,0.6423,14,35,16,15,0.5113,0.7137,0.1789,0.8077,0.4422,0.9433,0.2764,0.6364,0.5907,0.7493
ResNet50,GBM_100,ANOVA200_PCA5,0.6125,0.4828,0.6863,0.4746,0.6369,14,35,16,15,0.5275,0.6975,0.1789,0.8077,0.4422,0.9433,0.2833,0.6229,0.6222,0.7197
DenseNet121,AdaBoost_100,ANOVA100_PCA5,0.6125,0.4828,0.6863,0.4746,0.5740,14,35,16,15,0.4850,0.7400,0.2066,0.7668,0.4307,0.9475,0.2653,0.6469,0.4200,0.7181
ResNet50,GBM_100,ANOVA100_PCA10,0.6125,0.4138,0.7255,0.4364,0.5903,12,37,14,17,0.4632,0.7618,0.1291,0.7243,0.3852,1.0000,0.2782,0.5736,0.3814,0.8543
DenseNet121,GBM_100,PCA5,0.6125,0.4138,0.7255,0.4364,0.5538,12,37,14,17,0.5476,0.6774,0.0700,0.7566,0.5418,0.9091,0.0961,0.6833,0.3994,0.7509
DenseNet121,GBM_100,ANOVA100_PCA5,0.6125,0.3793,0.7451,0.4151,0.6166,11,38,13,18,0.4632,0.7618,0.1126,0.6341,0.5072,0.9910,0.1755,0.6255,0.3465,0.8632
ResNet50,AdaBoost_100,ANOVA200_PCA5,0.6000,0.4828,0.6667,0.4667,0.5652,14,34,17,15,0.5306,0.6694,0.2567,0.7300,0.4888,0.8530,0.3615,0.5601,0.5211,0.6740
DenseNet121,GBM_200,PCA10,0.6000,0.4483,0.6863,0.4483,0.5625,13,35,16,16,0.4823,0.7177,0.1367,0.7433,0.5082,0.8664,0.1785,0.6653,0.4240,0.6917
DenseNet121,GBM_200,PCA5,0.6000,0.4138,0.7059,0.4286,0.5483,12,36,15,17,0.5575,0.6425,0.0700,0.7566,0.4727,0.9382,0.0926,0.6548,0.4062,0.7307
ResNet50,GBM_200,ANOVA100_PCA10,0.6000,0.3793,0.7255,0.4074,0.6058,11,37,14,18,0.4590,0.7410,0.0972,0.6895,0.3852,1.0000,0.2746,0.5191,0.4366,0.8470
ResNet50,AdaBoost_100,ANOVA200_PCA10,0.6000,0.3793,0.7255,0.4074,0.5274,11,37,14,18,0.4959,0.7041,0.1785,0.5948,0.5652,0.8929,0.2409,0.5651,0.4035,0.6486
DenseNet121,GBM_100,PCA10,0.5875,0.4138,0.6863,0.4211,0.5673,12,35,16,17,0.4698,0.7052,0.0383,0.7750,0.5082,0.8664,0.0377,0.7060,0.4509,0.7048
ResNet50,GBM_100,ANOVA200_PCA10,0.5875,0.3793,0.7059,0.4000,0.6038,11,36,15,18,0.4698,0.7052,0.1322,0.6411,0.4267,0.9988,0.2258,0.5374,0.5139,0.7133
DenseNet121,RF_100,PCA5,0.5875,0.3103,0.7451,0.3529,0.5842,9,38,13,20,0.4990,0.6760,0.1427,0.4707,0.5685,0.9260,0.2048,0.4803,0.4676,0.7049
DenseNet121,RF_100,PCA10,0.5875,0.2414,0.7843,0.2979,0.6001,7,40,11,22,0.4576,0.7174,0.1329,0.3471,0.5703,1.0000,0.1677,0.4315,0.5140,0.7224
DenseNet121,RF_100,ANOVA100_PCA10,0.5875,0.1724,0.8235,0.2326,0.5686,5,42,9,24,0.5181,0.6569,0.0258,0.3208,0.6708,0.9801,0.0367,0.3922,0.3877,0.7196
DenseNet121,AdaBoost_100,PCA5,0.5750,0.3448,0.7059,0.3704,0.5429,10,36,15,19,0.4738,0.6762,0.0702,0.6365,0.5386,0.8759,0.0944,0.6013,0.4835,0.6553
DenseNet121,AdaBoost_100,PCA10,0.5750,0.2414,0.7647,0.2917,0.5159,7,39,12,22,0.4738,0.6762,0.0070,0.4730,0.5338,1.0000,0.0377,0.4916,0.3881,0.6440
